site_name,url,bias_rating,factual_reporting_rating
(The) Interpreter Magazine,interpretermag.com,-8,HIGH
1600 Daily,whitehouse.gov/1600daily,26,MIXED
2ndVote,2ndvote.com,29,MIXED
680 News,680news.com,-3,HIGH
71 Republic,71republic.com,15,HIGH
9 News (Australia),9news.com.au,6,HIGH
ABC News Australia,abc.net.au/news,-4,HIGH
ABC News,abcnews.go.com,-13,HIGH
ABC11 Eyewitness News,abc11.com,-11,HIGH
Above the Law,abovethelaw.com,-9,HIGH
ABS-CBN News,news.abs-cbn.com,-5,HIGH
Acculturated,acculturated.com,24,HIGH
Accuracy in Academia (AIA),academia.org,28,MIXED
Accuracy in Media (AIM),aim.org,30,MIXED
Act.TV,act.tv,-26,HIGH
Acting Man,acting-man.com,24,MIXED
Addicting Info,addictinginfo.com,-25,MIXED
Advocate,advocate.com,-22,HIGH
Aeon,aeon.co,-10,HIGH
Affinity Magazine,affinitymagazine.us,-15,MIXED
AFP (Agence France Presse),afp.com/en/home,-5,HIGH
Africa News,africanews.com,-2,HIGH
African Arguments,africanarguments.org,-12,HIGH
Against Crony Capitialism,ac2news.com,24,MIXED
Agerpres,agerpres.ro/english,-1,HIGH
Ahram Online,english.ahram.org.eg,-2,HIGH
Airwars,airwars.org,-1,HIGH
Akkadian Times,akkadiantimes.com,-22,HIGH
Akron Beacon Journal,ohio.com,-9,HIGH
Al Arabiya,english.alarabiya.net,-3,HIGH
Al Bawaba,albawaba.com,-3,HIGH
Al Jazeera,aljazeera.com,-8,HIGH
Al Majalla,eng.majalla.com,-4,HIGH
Al Monitor,al-monitor.com/pulse/home.html,-13,HIGH
Al-Hayat,alhayat.com,-13,HIGH
Al-Masdar News (AMN),almasdarnews.com,-13,MIXED
Al-Sura,al-sura.com,-11,MIXED
AL.com (Alabama News),al.com,13,HIGH
Alabama Political Reporter,alreporter.com,1,HIGH
Alabama Today,altoday.com,-2,HIGH
Alan Guttmacher Institute,guttmacher.org,-12,HIGH
Alaska Dispatch News,adn.com,-10,HIGH
Albany Democrat Herald,democratherald.com,-2,HIGH
Albany Times-Union,timesunion.com,-8,HIGH
Albuquerque Journal,abqjournal.com,-5,HIGH
All That’s Fab,allthatsfab.com,-28,MIXED
Allen B. West,allenbwest.com,29,MIXED
AllGov,allgov.com,-1,VERY HIGH
Alliance for Justice (AFJ),afj.org,-22,HIGH
Alliance for Securing Democracy,securingdemocracy.gmfus.org,2,HIGH
Allied Progress,alliedprogress.org,-16,HIGH
Alpha News,alphanewsmn.com,24,MIXED
AlterNet,alternet.org,-28,MIXED
AltNewsMedia.net,altnewsmedia.net,24,HIGH
AM New York,amny.com,-13,HIGH
Amandla,aidc.org.za/amandla-media,-23,HIGH
America Magazine,americamagazine.org,-8,HIGH
AmericaBlog,americablog.com,-23,HIGH
American Action Forum,americanactionforum.org,14,HIGH
American Bridge 21st Century,americanbridgepac.org,-25,MIXED
American Center for Law and Justice (ACLJ),aclj.org,30,MIXED
American Civil Liberties Union (ACLU),aclu.org,-10,HIGH
American Consequences,americanconsequences.com,24,MIXED
American Council on Science and Health,acsh.org,9,HIGH
American Enterprise Institute,aei.org,21,MIXED
American Firearms Institute,americanfirearms.org,13,HIGH
American Foreign Policy Council (AFPC),afpc.org,10,HIGH
American Greatness,amgreatness.com,22,MIXED
American Herald Tribune,ahtribune.com,-12,MIXED
American Heritage,americanheritage.com,1,HIGH
American Legislative Exchange Council (ALEC),alec.org,24,MIXED
American Liberty Report,americanlibertyreport.com,26,MIXED
American Military News,americanmilitarynews.com,27,HIGH
American News 24/7,americandailynews.org,30,MIXED
American News Hub,americanewshub.com,28,MIXED
American News X,americannewsx.com,-26,MIXED
American Public Media,americanpublicmedia.org,-8,HIGH
American Spectator,spectator.org,26,HIGH
American Thinker,americanthinker.com,27,MIXED
American United for Separation of Church and State,au.org,-18,HIGH
American Web Media (AWM),awm.com,19,MIXED
Americans for Prosperity,americansforprosperity.org,29,MIXED
Americas Quarterly,americasquarterly.org,10,HIGH
Ammoland,ammoland.com,24,HIGH
Amnesty International,amnesty.org/en,-5,HIGH
Anadolu Agency,aa.com.tr/en,24,MIXED
Angry White Men,angrywhitemen.org,-21,HIGH
Anniston Star,annistonstar.com,-16,HIGH
Anthropocene Magazine,anthropocenemagazine.org,-4,VERY HIGH
Anthropocene Magazine,anthropocenemagazine.org,-4,VERY HIGH
Anti-Defamation League,adl.org,-11,HIGH
Anti-Fascist News,antifascistnews.net,-18,MIXED
Anti-War,antiwar.com,16,MIXED
AOL,aol.com,-14,HIGH
APM Reports,apmreports.org,-10,HIGH
APTN News,aptnnews.ca/aptn-national-news,-4,HIGH
Ara News,aranews.net,-12,HIGH
Arab News,arabnews.com,10,HIGH
Arizona Capitol Times,azcapitoltimes.com,-1,HIGH
Arizona Daily Independent,arizonadailyindependent.com,24,MIXED
Arizona Daily Star,tucson.com,-13,HIGH
Arizona Daily Sun,azdailysun.com,-7,HIGH
Arizona Republic,azcentral.com,12,HIGH
Arkansas Democrat-Gazette,arkansasonline.com,11,HIGH
Armstrong Economics,armstrongeconomics.com,11,HIGH
Arutz Sheva (Israel National News),israelnationalnews.com,15,HIGH
Asharq Al-Awsat,english.aawsat.com,1,HIGH
Asheville Citizen-Times,citizen-times.com,-7,HIGH
Asia Times,atimes.com,-4,HIGH
Asian News International (ANI),aninews.in,1,HIGH
Associated Press,apnews.com,-5,VERY HIGH
Assyrian International News Agency,aina.org/aboutaina.html,22,MIXED
Atavist Magazine,magazine.atavist.com,-8,VERY HIGH
Atlanta Black Star,atlantablackstar.com,-15,HIGH
Atlanta Journal-Constitution,ajc.com,-13,HIGH
Atlantic Council,atlanticcouncil.org,3,HIGH
Atlantic Media,atlanticmedia.com,-7,HIGH
ATTN:,attn.com,-11,HIGH
Austin American-Statesman,statesman.com,-8,HIGH
AutoStraddle,autostraddle.com,-23,HIGH
Axios,axios.com,-9,HIGH
BackChannel,backchannel.com,-8,VERY HIGH
Backed by Fact,backedbyfact.com,-18,HIGH
Ballotpedia,ballotpedia.org/Main_Page,-1,VERY HIGH
Baltimore City Paper,citypaper.com,-21,MIXED
Baltimore Sun,baltimoresun.com,-13,HIGH
Bangor Daily News,bangordailynews.com,-9,HIGH
Baptist News Global,baptistnews.com,-7,HIGH
Battle Creek Enquirer,battlecreekenquirer.com,-8,HIGH
Battlefords News Optimist,newsoptimist.ca,-2,HIGH
Bay Area Reporter,ebar.com,-19,HIGH
Bbarta24,en.bbarta24.net,-3,HIGH
BBC,bbc.com/news,-7,VERY HIGH
BDNews24,bdnews24.com,-4,HIGH
Bearing Arms,bearingarms.com,27,MIXED
Beijing Review,bjreview.com,-17,HIGH
Being Liberal,themaven.net/beingliberal,-27,HIGH
Being Libertarian,beinglibertarian.com,23,HIGH
Beliefnet,beliefnet.com,21,MIXED
Bellingcat,bellingcat.com,0,HIGH
Berkeleyside,berkeleyside.com,-13,HIGH
Berkshire Eagle,berkshireeagle.com,-11,HIGH
Better Government Association,bettergov.org,-5,HIGH
Big Government News,biggovernment.news/index.html,28,MIXED
Big League Politics,bigleaguepolitics.com,28,MIXED
Big News Network,bignewsnetwork.com,-3,MIXED
Big Think,bigthink.com,-2,VERY HIGH
Billings Gazette,billingsgazette.com,7,HIGH
BillMoyers.com,billmoyers.com,-9,VERY HIGH
Bipartisan Policy Center,bipartisanpolicy.org,9,HIGH
Birmingham Mail,birminghammail.co.uk,-17,MIXED
Bismarck Tribune,bismarcktribune.com,1,HIGH
Bitch Media,bitchmedia.org,-22,HIGH
Bizpac Review,bizpacreview.com,29,MIXED
Black Agenda Report,blackagendareport.com,-22,HIGH
Black Lives Matter,blacklivesmatter.com,-21,HIGH
BlastingNews,us.blastingnews.com,-15,MIXED
Bloomberg News,bloomberg.com,-8,HIGH
Blue Dot Daily,bluedotdaily.com,-30,MIXED
Blue Lives Matter,bluelivesmatter.blue,24,HIGH
Blue Nation Review,bluenationreview.com,-29,MIXED
Blue State Daily,bluestatedaily.com,-28,MIXED
Bluestem Prairie,bluestemprairie.com,-13,HIGH
BNO News,bnonews.com,-3,HIGH
Boing Boing,boingboing.net,-19,HIGH
Boston Globe,bostonglobe.com,-11,HIGH
Boston Herald,bostonherald.com,9,HIGH
Boy Genius Report (BGR),bgr.com,-10,HIGH
Breaking Defense,breakingdefense.com,13,HIGH
Breakthrough Institute,thebreakthrough.org,8,HIGH
Breitbart Unmasked,breitbartunmasked.com,-28,MIXED
Brennan Center for Justice,brennancenter.org,-15,HIGH
BrexitCentral,brexitcentral.com,26,MIXED
Bridge Magazine,bridgemi.com,-2,HIGH
Brief.News,brief.news,-1,HIGH
Brookings Institute,brookings.edu,-14,VERY HIGH
Buffalo News,buffalonews.com,-12,HIGH
Bulletin of the Atomic Scientists,thebulletin.org,-5,VERY HIGH
Bullshido,bullshido.net,-3,HIGH
Burnett County Sentinel,burnettcountysentinel.com,-3,MIXED
Business 2 Community,business2community.com,-2,HIGH
Business Insider,businessinsider.com,-11,HIGH
Bust Magazine,bust.com,-23,HIGH
Bustle Magazine,bustle.com,-14,HIGH
Buzzfeed,buzzfeed.com/news,-17,MIXED
C-Span,c-span.org,-1,VERY HIGH
Calgary Herald,calgaryherald.com,-13,HIGH
Calgary Sun,calgarysun.com,13,HIGH
California Political Review,capoliticalreview.com,14,HIGH
CalWatchdog.com,calwatchdog.com,-8,HIGH
Cambridge Analytica,ca-political.com,26,MIXED
Campaign for Liberty,campaignforliberty.org,17,MIXED
Campaign Life Coalition,campaignlifecoalition.com,30,MIXED
Campus Reform,campusreform.org,23,MIXED
Canadaland,canadalandshow.com,-13,HIGH
Canadian Dimension,canadiandimension.com,-18,HIGH
Canadian Jewish News (CJN),cjnews.com,10,HIGH
Canadian Public Affairs Channel (CPAC),cpac.ca,-1,HIGH
Canadian Taxpayers Federation,taxpayer.com,15,HIGH
Cape Cod Times,capecodtimes.com,-4,HIGH
Capital Gazette,capitalgazette.com,-12,HIGH
Capital Research Center,capitalresearch.org,24,MIXED
Capitol Fax,capitolfax.com,-3,HIGH
Carbonated TV,carbonated.tv,-26,HIGH
Care2,care2.com,-27,MIXED
Caribbean Life News,caribbeanlifenews.com,-13,HIGH
Carnegie Endowment for International Peace,carnegieendowment.org,-5,VERY HIGH
Carolina Public Press,carolinapublicpress.org,-12,HIGH
Casper Star-Tribune,trib.com,1,HIGH
Castanet,castanet.net,-4,HIGH
Cato Institute,cato.org,17,HIGH
CBC News (Canadian Broadcasting),cbc.ca/news,-12,HIGH
CBS News,cbsnews.com,-12,HIGH
CCTV America,cctv-america.com,-10,HIGH
Center for a New American Security,cnas.org,-4,HIGH
Center for a Stateless Society,c4ss.org,15,HIGH
Center for Advanced Defense Studies,c4ads.org,1,VERY HIGH
Center for American Progress,americanprogress.org,-23,HIGH
Center for Democracy and Technology,cdt.org,-2,HIGH
Center for Global Development,cgdev.org,-4,VERY HIGH
Center for Inquiry,centerforinquiry.net,-1,VERY HIGH
Center for International Policy,ciponline.org,-11,VERY HIGH
Center for Media and Democracy (PR Watch),prwatch.org/cmd,-21,HIGH
Center for Popular Democracy,populardemocracy.org,-16,HIGH
Center for Public Integrity,publicintegrity.org,-3,VERY HIGH
Center for Responsive Politics (Open Secrets),opensecrets.org,-1,VERY HIGH
Center for Strategic and International Studies,csis.org,-4,VERY HIGH
Center for the National Interest,cftni.org,10,HIGH
Certified Politics,certifiedpolitics.com,-28,MIXED
Change.org,change.org,-21,HIGH
Charleston Gazette-Mail,wvgazettemail.com,-10,HIGH
Charlotte Observer,charlotteobserver.com,-13,HIGH
Check Your Fact,checkyourfact.com,9,HIGH
Chicago Reader,chicagoreader.com,-22,HIGH
Chicago Sun Times,chicago.suntimes.com,-12,HIGH
Chicago Tribune,chicagotribune.com,9,HIGH
Chicks on the Right,chicksontheright.com,24,MIXED
China Daily,chinadaily.com.cn,-4,HIGH
China Global Television Network (CGTN),news.cgtn.com,-2,HIGH
Chinook Observer,chinookobserver.com,-4,HIGH
Christian News Alerts,christiannewsalerts.com,30,MIXED
Christian Post,christianpost.com,24,MIXED
Christian Science Monitor,csmonitor.com,-4,HIGH
Christianity Today,christianitytoday.com,7,HIGH
Chronicles Magazine (Rockford),chroniclesmagazine.org,28,MIXED
Chronicles of Democracy,chroniclesofdemocracy.com,-22,HIGH
Church Militant,churchmilitant.com,30,MIXED
Cincinnati Enquirer,cincinnati.com,10,HIGH
Circa News,circa.com,7,HIGH
Citizen Critics,citizencritics.org,-18,HIGH
Citizen Free Press,citizenfreepress.com,27,MIXED
Citizen Truth,citizentruth.org,-13,HIGH
Citizens for Legitimate Government (CLG News),legitgov.org,-16,MIXED
Citizens for Responsibility and Ethics in Washington (CREW),citizensforethics.org,-15,HIGH
Citizens for Tax Justice,ctj.org,-13,HIGH
Citizens United,citizensunited.org/index.aspx,23,MIXED
City and State New York,cityandstateny.com,-3,HIGH
City Journal,city-journal.org,24,HIGH
Civitas Institute,nccivitas.org,29,MIXED
Clean Technica,cleantechnica.com,-9,VERY HIGH
Clear Politics,clear-politics.com,30,MIXED
CNBC,cnbc.com,-13,HIGH
CNN,cnn.com,-20,MIXED
Code Pink,codepink.org,-29,MIXED
Cold Dead Hands,colddeadhands.us,27,MIXED
Colombia Reports,colombiareports.com,-12,MIXED
Colorado Springs Gazette,gazette.com,12,HIGH
Columbia Daily Herald,columbiadailyherald.com,9,HIGH
Columbia Journalism Review,cjr.org,-11,HIGH
Columbus Dispatch,dispatch.com,10,HIGH
Commentary Magazine,commentarymagazine.com,24,HIGH
Committee for a Responsible Federal Budget,crfb.org,1,VERY HIGH
Committee for Economic Development,ced.org,3,HIGH
Committee to Investigate Russia,investigaterussia.org,-9,HIGH
Committee to Protect Journalists,cpj.org,-2,VERY HIGH
Common Cause,commoncause.org,-12,HIGH
Common Dreams,commondreams.org,-24,HIGH
Commonweal Magazine,commonwealmagazine.org,-10,HIGH
Commonwealth Fund,commonwealthfund.org,-11,HIGH
Communities Digital News,commdiginews.com,12,HIGH
Competitive Enterprise Institute,cei.org,17,HIGH
Concord Monitor,concordmonitor.com,-4,HIGH
Conflict News,conflict-news.com,3,HIGH
Congress.gov,congress.gov,-1,VERY HIGH
Congressional Budget Office (CBO),cbo.gov,-1,VERY HIGH
Conservative Base,conservativebase.com,30,MIXED
Conservative Daily News,conservativedailynews.com,29,MIXED
Conservative HQ,conservativehq.com,29,MIXED
Conservative Institute,conservativeinstitute.org,22,HIGH
Conservative Outfitters,conservativeoutfitters.com/blogs/news,28,MIXED
Conservative Review,conservativereview.com,24,MIXED
Conservative Today,conservativetoday.com,30,MIXED
ConservativeOpinion.com,conservativeopinion.com,28,MIXED
Conservatives Here,conservativeshere.com,30,MIXED
Consortium News,consortiumnews.com,-5,HIGH
Constitution Daily,constitutioncenter.org,1,HIGH
Constitution Project,constitutionproject.org,1,HIGH
Consumer Reports,consumerreports.org,-1,HIGH
Consumerist,consumerist.com,-3,HIGH
Content News,content.news,-27,MIXED
Controversial Times,controversialtimes.com,30,MIXED
Cook Political Report,cookpolitical.com,-2,HIGH
Corporate Presidency,corporatepresidency.org,-15,HIGH
Cosmopolitan,cosmopolitan.com,-26,HIGH
Council for the National Interest,councilforthenationalinterest.org,-14,HIGH
Council on Foreign Relations,cfr.org,9,HIGH
Countable News,blog.countable.us,-4,HIGH
CounterCurrents.org,countercurrents.org,-22,HIGH
CounterPunch,counterpunch.org,-22,HIGH
Courthouse News Service,courthousenews.com,-1,HIGH
Cowger Nation,cowgernation.com,30,MIXED
CP24,cp24.com,-3,HIGH
Credo Action,credoaction.com,-14,HIGH
Crime Prevention Research Center,crimeresearch.org,28,MIXED
Crimeola,crimeola.com,-1,HIGH
CrimethInc,crimethinc.com,-22,HIGH
Crisis Magazine,crisismagazine.com,27,MIXED
Crooked Media,crooked.com,-23,HIGH
Crooks and Liars,crooksandliars.com,-28,MIXED
Crosscut.com,crosscut.com,-13,HIGH
CSC Mediagroup USA,cscmediagroupus.com,30,HIGH
CTV News,ctvnews.ca,-14,HIGH
Current Affairs Magazine,currentaffairs.org,-21,HIGH
Curve Magazine,curvemag.com,-18,HIGH
Daily 49er,daily49er.com,-19,HIGH
Daily Beast,thedailybeast.com,-23,HIGH
Daily Business Review,dailybusinessreview.com,2,HIGH
Daily Caller,dailycaller.com,26,MIXED
Daily Dems,dailydems.com,-29,MIXED
Daily Dot,dailydot.com,-19,HIGH
Daily Express,express.co.uk,23,MIXED
Daily Herald,dailyherald.com,8,HIGH
Daily Hive,dailyhive.com,-9,HIGH
Daily Journal (Illinois),daily-journal.com,1,HIGH
Daily Journal (Missouri),dailyjournalonline.com,-3,HIGH
Daily Kos,dailykos.com,-27,MIXED
Daily Mail,dailymail.co.uk/ushome/index.html,24,MIXED
Daily Mirror,mirror.co.uk,-23,MIXED
Daily News Bin,dailynewsbin.com,-28,MIXED
Daily Press,dailypress.com,7,HIGH
Daily Record (Scotland),dailyrecord.co.uk,-22,MIXED
Daily Record,dailyrecord.com,-4,HIGH
Daily Sabah,dailysabah.com,22,MIXED
Daily Signal,dailysignal.com,29,MIXED
Daily Surge,dailysurge.com,28,MIXED
Daily Telegraph,telegraph.co.uk,11,HIGH
Dallas Morning News,dallasnews.com,12,HIGH
Dallas Voice,dallasvoice.com,-23,HIGH
Dangerous,dangerous.com,30,MIXED
Darien Times,darientimes.com,-2,HIGH
Dawn,dawn.com,-12,HIGH
Dayton Daily News,daytondailynews.com,-5,HIGH
DC Statesman,dcstatesman.com,29,MIXED
DC Tribune,dctribune.org,-29,MIXED
DC Whispers,dcwhispers.com,29,MIXED
DCReport.org,dcreport.org,-17,HIGH
de Volkskrant,volkskrant.nl,9,HIGH
Dead State,deadstate.org,-24,HIGH
Deadline Hollywood,deadline.com,-15,HIGH
Deadspin,deadspin.com,-22,HIGH
DeathandTaxes,deathandtaxesmag.com,-22,HIGH
Debate Post,debatepost.com,19,HIGH
Deccan Chronicle,deccanchronicle.com,14,HIGH
Deccan Herald,deccanherald.com,-13,MIXED
Deep Left Field,deepleftfield.info,-29,MIXED
DeepStateNation.com,deepstatenation.com,-27,MIXED
Defense One,defenseone.com,0,HIGH
Delaware Online – The News Journal,delawareonline.com,-9,HIGH
Democracy 21,democracy21.org,-16,HIGH
Democracy Chronicles,democracychronicles.org/author/tawfik,-24,HIGH
Democracy Guardian,democracyguardian.com,-28,MIXED
Democracy Now,democracynow.org,-22,HIGH
Democrat and Chronicle,democratandchronicle.com,-11,HIGH
Democratic Underground,democraticunderground.com,-28,MIXED
Demos,demos.org,-11,HIGH
Denver Post,denverpost.com,-14,HIGH
Deplorables Report,deplorablesreport.com,24,MIXED
Deseret News,deseretnews.com,15,HIGH
Desert Sun,desertsun.com,6,HIGH
DeSmog,desmogblog.com,-18,HIGH
Detroit Free Press,freep.com,-12,HIGH
Detroit News,detroitnews.com,12,HIGH
Die Hard Democrat,dieharddemocrat.com,-26,HIGH
Die Zeit,zeit.de/english/index,-9,HIGH
DifferenceBetween.net,differencebetween.net,0,VERY HIGH
Digg,digg.com,-9,HIGH
Digital Journal,digitaljournal.com,-2,HIGH
Disobedient Media,disobedientmedia.com,24,MIXED
Dissent Magazine,dissentmagazine.org,-23,HIGH
DiversityInc,diversityinc.com,-12,HIGH
Doctors Without Borders,doctorswithoutborders.org,-1,HIGH
Downsizing the Federal Government,downsizinggovernment.org,15,HIGH
DPA German Press Agency,dpa-international.com,-3,HIGH
Drudge Report,drudgereport.com,29,MIXED
Drudge Retort,drudge.com,-23,MIXED
Duluth News Tribune,duluthnewstribune.com,9,HIGH
Dutch Daily News,dutchdailynews.com,-13,HIGH
Dutch Review,dutchreview.com,-13,MIXED
DW News,dw.com/en/top-stories/s-9097,-14,HIGH
Eagle Tribune,eagletribune.com,1,HIGH
Earth First Journal,earthfirstjournal.org,-26,MIXED
Earth Institute,earth.columbia.edu/sections/view/9,-2,HIGH
EarthJustice,earthjustice.org,-17,HIGH
East Bay Times,eastbaytimes.com,-9,HIGH
Economic Policy Institute,epi.org,-13,HIGH
EconomicPolicyJournal.com,economicpolicyjournal.com,24,HIGH
Economics.Help,economicshelp.org,-13,HIGH
Economy In Crisis,economyincrisis.org,-24,MIXED
Edmonton Journal,edmontonjournal.com,-10,HIGH
Edmonton Sun,edmontonsun.com,15,HIGH
EgbertoWillies,egbertowillies.com,-28,HIGH
Egyptian Streets,egyptianstreets.com,-12,MIXED
EJ Insight (EJI),ejinsight.com,-5,HIGH
El Pais,elpais.com/elpais/inenglish.html,-13,HIGH
El Paso Times,elpasotimes.com,-8,HIGH
Electoral-Vote.com,electoral-vote.com,-19,HIGH
Electronic Frontier Foundation,eff.org,-8,HIGH
Electronic Intifada,electronicintifada.net,-25,HIGH
Elisabeth Parker,elisabethparker.com,-26,HIGH
Elite Daily,elitedaily.com,-19,MIXED
Elko Daily Free Press,elkodaily.com,1,HIGH
Emirates 24/7,emirates247.com,-11,HIGH
Empty Wheel,emptywheel.net,-15,HIGH
Energy Citizens,energycitizens.org,27,MIXED
Engadget,engadget.com,-12,HIGH
Erie Times-News,goerie.com,-4,HIGH
ERR News (Estonia Public Broadcasting),news.err.ee,1,HIGH
Esquire Magazine,esquire.com,-22,HIGH
Ethics & Religious Liberty Commission (ERLC),erlc.com,28,MIXED
Ethics and Public Policy Center (EPPC),eppc.org,15,HIGH
EU Observer,euobserver.com,-11,HIGH
Euractiv,euractiv.com,-17,MIXED
Eurasia Group,eurasiagroup.net,-3,HIGH
Eurasia Review,eurasiareview.com,-4,HIGH
Euronews,euronews.com,-4,HIGH
Every CRS Report,everycrsreport.com,0,VERY HIGH
Everyday Feminism,everydayfeminism.com,-21,HIGH
Evonomics,evonomics.com,-23,HIGH
Exposing the Truth,exposingtruth.com,-10,HIGH
ExtraNewsFeed,extranewsfeed.com,-25,MIXED
Fact / Myth,factmyth.com,-9,HIGH
Factbox.TV,factbox.tv,-15,HIGH
FactCheck,factcheck.org,-1,VERY HIGH
Facts and Logic About the Middle East (FLAME),factsandlogic.org,28,MIXED
FactsCan,factscan.ca,-1,VERY HIGH
Factwire News Agency,factwire.org/english,-1,HIGH
Fair Observer,fairobserver.com,-3,HIGH
Fairness & Accuracy in Reporting (FAIR),fair.org,-14,HIGH
FairVote,fairvote.org,-9,HIGH
Faith Family America,faithfamilyamerica.com,13,HIGH
FaithWire,faithwire.com,27,MIXED
Family Security Matters,familysecuritymatters.org,26,MIXED
Far Left Watch,farleftwatch.com,29,HIGH
Fast Company Magazine,fastcompany.com,-11,HIGH
Federal News Radio,federalnewsradio.com,-1,HIGH
Federal Times,federaltimes.com,0,HIGH
Federalist Press,federalistpress.com,30,MIXED
Federalist Society,fedsoc.org,26,MIXED
Feminist Current,feministcurrent.com,-19,HIGH
Feminist Frequency,feministfrequency.com,-8,HIGH
Feministing,feministing.com,-25,HIGH
Fifth Estate,fifthestate.org,-22,HIGH
Fight for the Future,fightforthefuture.org,-14,HIGH
Filming Cops,filmingcops.com,-24,HIGH
Financial Express,financialexpress.com,2,HIGH
Financial Post,financialpost.com,10,HIGH
Financial Times,ft.com,1,HIGH
First Draft News,firstdraftnews.org,-3,HIGH
First in Freedom Daily,firstinfreedomdaily.com,28,MIXED
First Post,firstpost.com,-22,HIGH
First Things Magazine,firstthings.com,23,MIXED
FitsNews,fitsnews.com,13,HIGH
FiveThirtyEight,fivethirtyeight.com,-8,HIGH
Florida Times-Union,jacksonville.com,10,HIGH
Forbes,forbes.com,14,MIXED
Foreign Affairs,foreignaffairs.com,5,HIGH
Foreign Policy in Focus,fpif.org,-10,HIGH
Foreign Policy Initiative,foreignpolicyi.org,12,HIGH
Foreign Policy Journal,foreignpolicyjournal.com,-26,MIXED
Foreign Policy News,foreignpolicynews.org,-23,MIXED
Foreign Policy Research Institute,fpri.org,10,VERY HIGH
Foreign Policy,foreignpolicy.com,3,HIGH
Fort Bend Herald,fbherald.com,13,HIGH
Fort Worth Star-Telegram,star-telegram.com,10,HIGH
Fort Worth Star-Telegram,star-telegram.com,10,HIGH
Fort Worth Weekly,fwweekly.com,-14,HIGH
Fortnightly Review,fortnightlyreview.co.uk,15,HIGH
Fortune Magazine,fortune.com,8,HIGH
Forward Progressives,forwardprogressives.com,-26,HIGH
Foundation for Defense of Democracies,defenddemocracy.org,21,HIGH
Foundation for Economic Education,fee.org,12,HIGH
Fox News,foxnews.com,24,MIXED
France24,france24.com,-13,HIGH
France24,france24.com/en,-13,HIGH
Franklin Center for Government and Public Integrity,franklincenterhq.org,15,MIXED
Fraser Institute,fraserinstitute.org,13,HIGH
Freakonomics Radio,freakonomics.com,-10,HIGH
Free Press,freepress.org,-27,HIGH
Free Press,freepress.net,-15,HIGH
Free Rein News,frnewsreport.com,-28,HIGH
Free Republic,freerepublic.com,27,MIXED
Free West Media,freewestmedia.com,26,MIXED
Free Wheel Media,freewheelus.com,-12,HIGH
Freedom Crossroads,freedomcrossroads.com,26,MIXED
Freedom From Religion Foundation (FFRF),ffrf.org,-1,HIGH
Freedom House,freedomhouse.org,10,HIGH
Freedom News and Journal,freedomnews.org.uk,-27,HIGH
Freedom Works,freedomworks.org,26,MIXED
Fresno Bee,fresnobee.com,-11,HIGH
Frontiers of Freedom,ff.org,24,MIXED
FStv (freespeech.org),freespeech.org,-19,HIGH
Full Fact (UK),fullfact.org,-5,VERY HIGH
Fusion,fusion.kinja.com,-16,MIXED
Future in America,futureinamerica.com/news,30,MIXED
Gallup,gallup.com/home.aspx,-2,VERY HIGH
Gatestone Institute,gatestoneinstitute.org,28,MIXED
Gay Star News,gaystarnews.com,-15,HIGH
GBTimes,gbtimes.com,-2,HIGH
Gears of Biz,gearsofbiz.com,-4,HIGH
Geopolitics Alert,geopoliticsalert.com,-13,HIGH
Get Religion,getreligion.org,26,MIXED
Gizmodo,gizmodo.com,-20,HIGH
Glamour Magazine,glamour.com,-14,HIGH
Global Citizen,globalcitizen.org/en,-11,HIGH
Global Integrity,globalintegrity.org,1,HIGH
Global News,globalnews.ca,-8,HIGH
Global Post,pri.org/programs/globalpost,-10,HIGH
Global Risk Insights (GRI),globalriskinsights.com,-7,HIGH
Global Slavery Index,globalslaveryindex.org,-1,VERY HIGH
Global Times (China),globaltimes.cn,-10,HIGH
Global Voices,globalvoices.org,-18,HIGH
Globe Gazette (Iowa),globegazette.com,-3,HIGH
Globe Today,globetoday.com,-22,MIXED
Good Magazine,good.is,-21,HIGH
GoodNewsNetwork,goodnewsnetwork.org,1,HIGH
GOP.com,gop.com,24,MIXED
GOPOCALYPSE,gopocalypse.org,-28,MIXED
GOPUSA,gopusa.com,29,MIXED
Governing Magazine,governing.com,-8,HIGH
Government Accountability Institute,g-a-i.org,29,MIXED
Government Executive,govexec.com,-4,HIGH
GovTrack,govtrack.us,0,VERY HIGH
GQ Magazine,gq.com,-19,HIGH
Grabien News,news.grabien.com/index.php,-3,MIXED
Grand Rapids Press,mlive.com/grand-rapids/#/0,13,HIGH
Grasping Reality With Both Hands: Bradford DeLong,bradford-delong.com,-21,HIGH
Green Left Weekly,greenleft.org.au,-26,MIXED
Greensboro News and Record,greensboro.com,-12,HIGH
Greentech Media,greentechmedia.com,-12,HIGH
Greenville Gazette,greenvillegazette.com,-26,HIGH
Grist,grist.org,-14,HIGH
Groopspeak,news.groopspeak.com,-28,MIXED
Group of Thirty,group30.org,7,HIGH
Guardian Liberty Voice,guardianlv.com,-24,HIGH
Guardians of Democracy,theguardiansofdemocracy.com,-24,HIGH
Guerrilla News,guerrilla.news,30,MIXED
Guido Fawkes,order-order.com,29,MIXED
Gulf News,gulfnews.com,10,HIGH
Guns.com,guns.com,10,HIGH
Haaretz,haaretz.com,-16,HIGH
Happy Foxie,happy-foxie.com,-28,MIXED
Harper’s Magazine,harpers.org,-8,HIGH
Harvard Business Review,hbr.org,-3,HIGH
Harvard Gazette,news.harvard.edu/gazette,-4,HIGH
Harvard Political Review,harvardpolitics.com,-4,HIGH
Hastings Tribune,hastingstribune.com,-2,HIGH
Health Magazine,health.com,-11,MIXED
Healthcare Finance News,healthcarefinancenews.com,-1,HIGH
HealthyWay,healthyway.com,-11,HIGH
Heartland Institute,heartland.org,29,MIXED
Heat Street,heatst.com,24,MIXED
Heavy,heavy.com,-13,HIGH
Helsinki Times,helsinkitimes.fi,-15,HIGH
Herald & Review (Illinois),herald-review.com,2,HIGH
Herald-Sun,heraldsun.com.au,11,HIGH
Heritage Foundation,heritage.org,29,MIXED
HermanCain.com,hermancain.com,29,MIXED
Heterodox Academy,heterodoxacademy.org,8,HIGH
High Country News,hcn.org,-13,HIGH
High Point Enterprise,hpenews.com,10,HIGH
Highline,highline.huffingtonpost.com,-12,HIGH
Hillary Daily,hillarydaily.com,23,MIXED
Hindustan Times,hindustantimes.com,-8,HIGH
History News Network,historynewsnetwork.org,-12,HIGH
Hoax Slayer,hoax-slayer.com,0,VERY HIGH
Hollywood Reporter,hollywoodreporter.com,-15,HIGH
Homeland Security News Wire,homelandsecuritynewswire.com,1,HIGH
Honest Reporting,honestreporting.com,10,HIGH
Honolulu Star-Advertiser,staradvertiser.com,-11,HIGH
Hoover Institution,hoover.org,13,MIXED
Hot Air,hotair.com,26,HIGH
Houston Chronicle,houstonchronicle.com,-14,HIGH
Hudson Institute,hudson.org,22,HIGH
Huffington Post (HuffPost),huffingtonpost.com,-21,HIGH
Human Events,humanevents.com,26,MIXED
Human Progress,humanprogress.org,16,MIXED
Human Rights Campaign (HRC),hrc.org,-24,HIGH
Human Rights Watch,hrw.org,-8,HIGH
Humanium,humanium.org,-13,HIGH
Hurriyet Daily News,hurriyetdailynews.com,-11,MIXED
I Bleed Red White and Blue,ibleedredwhiteblue.com,27,MIXED
I24 News,i24news.tv,1,HIGH
Ice News,icenews.is,-13,HIGH
ICitizen,icitizen.com,-3,HIGH
Idaho Statesman,idahostatesman.com,-3,HIGH
If Americans Knew,ifamericaknew.org,-15,HIGH
IHS Janes 360,janes.com,1,HIGH
Illinois Policy Institute,illinoispolicy.org,20,HIGH
iMediaEthics,imediaethics.org,-4,HIGH
Impeach Trump Now,impeachdjtnow.com,-29,MIXED
Imprimis (Hillsdale College),imprimis.hillsdale.edu,24,MIXED
In Defence of Marxism,marxist.com,-27,HIGH
In Homeland Security,inhomelandsecurity.com,9,HIGH
In These Times,inthesetimes.com,-22,HIGH
Independent Australia,independentaustralia.net,-15,HIGH
Independent Journal Review,ijr.com,26,HIGH
Independent Media Center,indymedia.org/or/index.shtml,-14,MIXED
Independent Record (Montana),helenair.com,1,HIGH
Independent Reporter (Ir.net),ir.net,-27,MIXED
Independent Sentinel,independentsentinel.com,29,HIGH
Independent Voter Network (IVN),ivn.us,-4,HIGH
Independent Women’s Forum (IWF),iwf.org,24,MIXED
India Today,indiatoday.intoday.in,-4,HIGH
Indianapolis Star,indystar.com,-10,HIGH
Inequality Media,inequalitymedia.org,-19,HIGH
iNews,inews.co.uk,-13,HIGH
Informed Comment,juancole.com,-19,HIGH
Inquisitr,inquisitr.com/news,-14,MIXED
Inside Higher Ed,insidehighered.com,-7,HIGH
Inside Philanthropy,insidephilanthropy.com,-13,HIGH
InsideClimate News,insideclimatenews.org,-7,HIGH
InsideSources,insidesources.com,12,HIGH
Institute for Family Studies,ifstudies.org,23,MIXED
Institute for Humane Studies,theihs.org,7,HIGH
Institute for Middle East Understanding (IMEU),imeu.org,-12,HIGH
Institute for Policy Studies,ips-dc.org,-28,HIGH
Institute for Women’s Policy Research (IWPR),iwpr.org,-4,HIGH
Institute on Taxation and Economic Policy (ITEP),itep.org,-11,HIGH
Intellectual Takeout,intellectualtakeout.org,26,MIXED
Inter Press Service (IPS),ips.org,-16,HIGH
International Business Times,ibtimes.com,-11,MIXED
International Center for Research on Women,icrw.org,-11,HIGH
International Consortium of Investigative Journalists,icij.org,-4,VERY HIGH
International Crisis Group,crisisgroup.org,-10,HIGH
International Energy Agency (IEA),iea.org,-5,HIGH
International Organization,journals.cambridge.org/action/displayIssue?jid=INO&tab=currentissue,1,VERY HIGH
International Press Institute,freemedia.at,-1,VERY HIGH
International Rescue Committee (IRC),rescue.org,-3,HIGH
International Viewpoint,internationalviewpoint.org,-29,MIXED
Intrepid Report,intrepidreport.com,-24,MIXED
Inverse,inverse.com,-12,HIGH
Investigative Reporters and Editors,ire.org,-1,VERY HIGH
Investopedia,investopedia.com,-1,HIGH
Investors Business Daily,investors.com,28,MIXED
Iowa Starting Line,iowastartingline.com,-22,HIGH
iPatriot,ipatriot.com,24,MIXED
iPolitics,ipolitics.ca,-9,HIGH
IRIN News,irinnews.org,-10,HIGH
Irish Independent,independent.ie,11,HIGH
Israel Hayom,israelhayom.com/site/today.php,13,HIGH
ITV News,itv.com/news,8,HIGH
It’s Going Down,itsgoingdown.org,-28,MIXED
Jackson Sun,jacksonsun.com,2,HIGH
Jacobin,jacobinmag.com,-22,HIGH
Japan Times,japantimes.co.jp,1,HIGH
Japan Today,japantoday.com,7,HIGH
Jewish Breaking News,jewishbreakingnews.com,12,MIXED
Jewish News Syndicate (JNS),jns.org,13,HIGH
Jewish Policy Center,jewishpolicycenter.org,20,HIGH
Jewish Telegraphic Agency (JTA),jta.org,1,HIGH
Jewish World Review,jewishworldreview.com,26,MIXED
Jezebel,jezebel.com,-29,MIXED
Jihadica,jihadica.com,-9,HIGH
Joint Center for Political and Economic Studies,jointcenter.org,-13,HIGH
Journal Gazette & Times-Courier,opensecrets.org/orgs/totals.php?id=D000052990&cycle=2014,-3,HIGH
Journal of Politics and Society,helvidius.org,-10,VERY HIGH
JStor Daily,daily.jstor.org,-1,VERY HIGH
Judicial Crisis Network,judicialnetwork.com,28,MIXED
Just Facts Daily,justfactsdaily.com,19,HIGH
Just Facts,justfacts.com,12,HIGH
Just Security,justsecurity.org,-3,HIGH
Kaiser Family Foundation,kff.org,-4,HIGH
Kansas City Star,kansascity.com,-12,HIGH
Kansas Policy Institute (KPI),kansaspolicy.org,26,MIXED
Keep and Bear,keepandbear.com,28,HIGH
KMOV,kmov.com,-9,HIGH
Knight Foundation,knightfoundation.org,-7,HIGH
Know Your Meme,knowyourmeme.com,-1,HIGH
Knowhere,knowherenews.com,-1,HIGH
Knox Report,knoxreport.com,30,MIXED
Knoxville News Sentinel,knoxnews.com,-12,HIGH
KOCO News 5,koco.com,-7,HIGH
Korea Herald,koreaherald.com,8,MIXED
Kotaku,kotaku.com,-13,HIGH
KUOW NPR,kuow.org,-10,HIGH
Kurdistan 24,kurdistan24.net,-15,MIXED
KUTV Salt Lake City,kutv.com,10,HIGH
Kyiv Post,kyivpost.com,-15,MIXED
La Presse,lapresse.ca,-16,HIGH
LA Times (Los Angeles Times),latimes.com,-14,HIGH
Las Vegas Review-Journal,reviewjournal.com,12,HIGH
Latest.com,latest.com,-29,MIXED
Latin Times,latintimes.com,-8,HIGH
Lavender Magazine,lavendermagazine.com,-22,HIGH
Law Newz,lawnewz.com,-11,HIGH
Lawfare Blog,lawfareblog.com,-13,HIGH
Le Devoir,ledevoir.com,1,HIGH
Lead Stories,leadstories.com,-2,VERY HIGH
Learn Liberty,learnliberty.org,8,HIGH
Left Action,leftaction.com,-25,HIGH
Left Foot Forward,leftfootforward.org,-23,HIGH
Left Justified,leftjustified.com,-9,HIGH
Left Over Rights,leftoverrights.com,-27,MIXED
Left Side of History,leftsideofhistory.com,-23,MIXED
Left Voice,leftvoice.org,-22,HIGH
Left Wing Nation,leftwingnation.org,-28,HIGH
LeftScoop,leftscoop.com,-29,MIXED
Legal Insurrection,legalinsurrection.com,24,MIXED
Lethbridge Herald,lethbridgeherald.com,-12,HIGH
Lexington Herald Leader,kentucky.com,-10,HIGH
Lexington Institute,lexingtoninstitute.org,8,HIGH
LGBTQ Nation,lgbtqnation.com,-18,HIGH
Libcom.org,libcom.org,-28,HIGH
Liberal America,liberalamerica.org,-25,MIXED
Liberal Examiner,liberalexaminer.com,-29,MIXED
Liberal Mountain,liberalmountain.com,-16,HIGH
Liberals Unite (Samuel Warde),samuel-warde.com,-27,MIXED
Liberation News,liberationnews.org,-22,HIGH
Liberty Hangout,libertyhangout.org,23,MIXED
Liberty Headlines,libertyheadlines.com,29,MIXED
Liberty Nation,libertynation.com,29,MIXED
Liberty News,libertynews.com,30,MIXED
Liberty Viral,libertyviral.com,13,HIGH
LibertyTalk.FM,libertytalk.fm,27,MIXED
Life and About,lifeandabout.com,30,MIXED
Life Decisions International,fightpp.org,27,MIXED
Life News,lifenews.com,30,MIXED
Life Site News,lifesitenews.com,26,MIXED
Lifehacker,lifehacker.com,-10,HIGH
LifeZette,lifezette.com,24,MIXED
Lima Charlie News,limacharlienews.com,2,HIGH
Lincoln Journal Star,journalstar.com,-2,HIGH
ListVerse,listverse.com,-3,HIGH
Little Green Footballs,littlegreenfootballs.com,-22,MIXED
LiveLeak,liveleak.com,-12,HIGH
Lompoc Record,lompocrecord.com,1,HIGH
London Broadcasting Company (LBC),lbc.co.uk,17,MIXED
London Evening Standard,standard.co.uk,15,HIGH
London Free Press,lfpress.com,7,MIXED
Lone Conservative,loneconservative.com,24,MIXED
Longview News-Journal,news-journal.com,2,HIGH
Los Angeles Daily News,dailynews.com,6,HIGH
Louder With Crowder,louderwithcrowder.com,30,MIXED
Love Knowledge,loveknowledge.org,-26,MIXED
Lyin’ Comey,lyincomey.com,29,MIXED
Lynx Media,lynx.media,7,MIXED
Mackinac Center for Public Policy,mackinac.org,10,HIGH
Maclean’s Magazine,macleans.ca,-11,HIGH
Maine Beacon,mainebeacon.com,-9,HIGH
MakeUseOf,makeuseof.com,-2,HIGH
Malaysia Today,malaysia-today.net,2,MIXED
Manchester Union Leader,unionleader.com,19,MIXED
Manhattan Institute for Policy Research,manhattan-institute.org,10,HIGH
Maplight,maplight.org,-2,VERY HIGH
MarketWatch,marketwatch.com,0,HIGH
Mashable,mashable.com,-20,HIGH
McClatchyDC,mcclatchydc.com,-4,HIGH
Mean Left Hook,meanlefthook.com,-28,MIXED
Media Circus,mediacircus.com,30,MIXED
Media Equalizer,mediaequalizer.com,29,MIXED
Media Matters,mediamatters.org,-24,HIGH
Media Research Center (MRC),mrc.org,28,MIXED
MediaFile,mediafiledc.com,-12,HIGH
Mediaite,mediaite.com,-23,HIGH
MediaShift,mediashift.org,-4,HIGH
Medium,medium.com,-12,MIXED
Meduza,meduza.io/en,-19,HIGH
Mehr News Agency,en.mehrnews.com,23,MIXED
Memeorandum,memeorandum.com,-4,MIXED
Mental Floss,mentalfloss.com,-2,HIGH
Mercatornet,mercatornet.com,28,HIGH
MercoPress,en.mercopress.com,-1,HIGH
Merion West,merionwest.com,5,HIGH
Merry Jane,merryjane.com,-20,HIGH
Metabunk,metabunk.org,-3,HIGH
Metro UK,metro.co.uk,-14,HIGH
Metro,metro.us,-10,HIGH
Mexico Daily News,mexiconewsdaily.com,-13,HIGH
Miami Herald,miamiherald.com,-10,HIGH
Miami New Times,miaminewtimes.com,-23,HIGH
Mic,mic.com,-14,HIGH
Middle East Monitor,middleeastmonitor.com,-21,MIXED
Migration Policy Institute,migrationpolicy.org,-10,HIGH
Military Times,militarytimes.com,8,HIGH
Military.com,military.com,3,HIGH
Milwaukee Journal-Sentinel,jsonline.com,-9,HIGH
Minneapolis Star Tribune,startribune.com,-9,HIGH
Minnesota Public Radio (MPR),mprnews.org,-11,HIGH
MinnPost,minnpost.com,-11,HIGH
Mint Press News,mintpressnews.com,-16,MIXED
Mises Daily,mises.org,16,MIXED
Missoulian,missoulian.com,-3,HIGH
MLive (Michigan – Booth Newspapers),mlive.com,-1,HIGH
Modern Liberals,modernliberals.com,-29,MIXED
Molad The Center for the Renewal of Israeli Democracy,molad.org/en,-20,HIGH
Mondoweiss,mondoweiss.net,-18,HIGH
Mongabay,news.mongabay.com,-12,HIGH
Montana Standard,mtstandard.com,-3,HIGH
Monthly Review,monthlyreview.org,-13,HIGH
Montreal Gazette,montrealgazette.com,-12,HIGH
Moon of Alabama,moonofalabama.org,-26,MIXED
Morning Consult,morningconsult.com,-13,HIGH
Moscow Times,themoscowtimes.com,-14,HIGH
Mother Jones,motherjones.com,-23,HIGH
Mother Nature Network,mnn.com,-15,HIGH
Mountain Democrat,mtdemocrat.com,-8,HIGH
Move On,front.moveon.org,-29,MIXED
Ms. (Magazine),msmagazine.com,-20,HIGH
MSN.com,msn.com,-9,HIGH
MSNBC,msnbc.com,-24,MIXED
Muncie Voice,muncievoice.com,-15,HIGH
MWC News – Media With Conscience,mwcnews.net,-12,HIGH
MyNorthwest,mynorthwest.com,12,HIGH
Naked Capitalism,nakedcapitalism.com,-12,HIGH
Nap-Sack,nap-sack.org,-18,MIXED
Napa Valley Register,napavalleyregister.com,2,HIGH
Nation of Change,nationofchange.org,-23,MIXED
National Affairs Magazine,nationalaffairs.com,9,HIGH
National Association for the Advancement of Colored People (NAACP),naacp.org,-17,HIGH
National Bureau of Economic Research (NBER),nber.org,1,HIGH
National Center for Public Policy Research (NCPPR),nationalcenter.org,28,MIXED
National Center for Transgender Equality (NCTE),transequality.org,-15,HIGH
National Institute on Money in State Politics,followthemoney.org,-4,HIGH
National Interest,nationalinterest.org,6,HIGH
National Journal,nationaljournal.com,-4,HIGH
National Monitor,natmonitor.com,-15,HIGH
National Newswatch,nationalnewswatch.com,-8,HIGH
National Observer (Canada),nationalobserver.com,-15,HIGH
National Post,nationalpost.com/index.html,13,HIGH
National Review,nationalreview.com,26,MIXED
National Rifle Association (NRA),home.nra.org,30,MIXED
National Youth Rights Association,youthrights.org,-8,HIGH
NationMaster,nationmaster.com,-1,VERY HIGH
Natural Resource Governance Institute,resourcegovernance.org,-11,HIGH
Natural Resources Defense Council,nrdc.org,-14,HIGH
Nature Conservancy,nature.org,-9,HIGH
NBC News,nbcnews.com,-14,HIGH
NC Policy Watch,ncpolicywatch.com,-14,HIGH
NDTV,ndtv.com,-12,HIGH
Need 2 Know,theneed2know.com,-5,HIGH
Netherlands Radio and Television Association (NOS),nos.nl,7,HIGH
New America,newamerica.org,-3,HIGH
New Bern Sun Journal,newbernsj.com,-4,HIGH
New Boston Post,newbostonpost.com,24,MIXED
New England Cable News (NECN),necn.com,-9,HIGH
New Europe,neweurope.eu,-13,HIGH
New Internationalist,newint.org,-22,HIGH
New Left Review,newleftreview.org,-14,HIGH
New Matilda,newmatilda.com,-13,HIGH
New Moderate,newmoderate.com,-11,HIGH
New Politics Magazine,newpol.org,-19,HIGH
New Republic,newrepublic.com,-20,HIGH
New Revolution Now,newrevolutionnow.org,22,HIGH
New Statesman,newstatesman.com,-22,HIGH
New York Daily News,nydailynews.com,-15,MIXED
New York Magazine,nymag.com,-22,HIGH
New York Observer,observer.com,20,HIGH
New York Post,nypost.com,17,MIXED
New York Times,nytimes.com,-12,HIGH
New Yorker,newyorker.com,-23,HIGH
New Zealand Herald,nzherald.co.nz,1,HIGH
News and Guts,newsandgutsmedia.com,-13,HIGH
News Channel 4 (KFOR.com),kfor.com,-8,HIGH
News Corpse,newscorpse.com,-29,MIXED
News Deeply,newsdeeply.com,-16,HIGH
News Heist,newsheist.com,12,MIXED
News Lookup,newslookup.com,-1,HIGH
News Rescue,newsrescue.com,11,HIGH
News-Gazette,news-gazette.com,8,HIGH
News.com.au,news.com.au,-12,HIGH
News24 (South Africa),news24.com,2,HIGH
Newsbusters,newsbusters.org,30,MIXED
Newsday,newsday.com,-15,HIGH
Newsela,newsela.com,-3,HIGH
Newser,newser.com,-9,HIGH
NewsGru,newsgru.com,-15,MIXED
NewsHounds,newshounds.us,-25,MIXED
Newsline,newsline.com,12,MIXED
NewsLogue,newslogue.com,-28,MIXED
Newsmax,newsmax.com,26,MIXED
NewsNow (UK),newsnow.co.uk/h,-3,MIXED
NewsOne,newsone.com,-16,HIGH
Newsweek,newsweek.com,-23,MIXED
Newsy,newsy.com,-10,HIGH
Next Avenue,nextavenue.org,-5,HIGH
Next News Network,nextnewsnetwork.com,30,MIXED
NextGov,nextgov.com,-2,HIGH
NHK World,www3.nhk.or.jp/nhkworld,-2,HIGH
Niskanen Center,niskanencenter.org,-5,HIGH
NK News,nknews.org,-4,HIGH
No Labels,nolabels.org,-3,HIGH
Noozhawk,noozhawk.com,-4,HIGH
North Korea Times,northkoreatimes.com,-3,MIXED
North99,north99.org,-24,HIGH
Northwest Indiana Times,nwitimes.com,2,HIGH
Not Liberal,notliberal.com,29,MIXED
Nova Magazine,nova-magazine.net,-29,MIXED
Novinite,novinite.com,-4,HIGH
Now Magazine,nowtoronto.com,-18,HIGH
NowThis News,nowthisnews.com,-23,MIXED
NPR (National Public Radio),npr.org/sections/news,-9,VERY HIGH
NTD.TV (New Tang Dynasty),ntd.tv,14,HIGH
NTK Network,ntknetwork.com,27,MIXED
Numbers USA,numbersusa.com,29,MIXED
OC Weekly,ocweekly.com,-12,HIGH
Odessa American,oaoa.com,10,HIGH
Offended America,offendedamerica.com,29,MIXED
Offgrid Survival,offgridsurvival.com,29,MIXED
Oil and Water Don’t Mix,oilandwaterdontmix.org,-8,HIGH
Oil Price,oilprice.com,8,HIGH
Omaha World-Herald,omaha.com,10,HIGH
One America News Network,oann.com,29,MIXED
One Green Planet,onegreenplanet.org,-27,MIXED
OneEighty,180report.com,-1,MIXED
OneIndia,oneindia.com,-12,MIXED
OneNewsNow,onenewsnow.com,29,MIXED
Ontario Proud,ontarioproud.ca,24,HIGH
OpEdNews (OEN),opednews.com,-27,MIXED
Open the Government,openthegovernment.org,-3,HIGH
openDemocracy,opendemocracy.net,-15,HIGH
Opposing Views,opposingviews.com,-14,HIGH
OpsLens,opslens.com,30,MIXED
Orange County Register,ocregister.com,11,HIGH
Oregonian,oregonlive.com/#/0,12,HIGH
Orlando Sentinel,orlandosentinel.com,10,HIGH
Ottawa Citizen,ottawacitizen.com,10,HIGH
Our Voice NY,ourvoiceny.com,-25,HIGH
Our World In Data,ourworldindata.org,-8,HIGH
Outside The Beltway,outsidethebeltway.com,-11,HIGH
Oyez Project,oyez.org,-1,VERY HIGH
Ozy Media,ozy.com,-13,HIGH
Pacific Daily News,guampdn.com,-3,HIGH
Pacific Research Institute,pacificresearch.org/home,9,HIGH
Pacific Standard Magazine,psmag.com,-10,HIGH
Palmer Report,palmerreport.com,-27,MIXED
PanAm Post,panampost.com,-12,HIGH
Parallax News (PXW),parallax.news,0,HIGH
Paste Magazine,pastemagazine.com,-21,HIGH
Patch,patch.com,-2,HIGH
Patheos,patheos.com,-1,MIXED
Patriot News Daily,patriotnewsdaily.com,30,MIXED
Patriotic Millionaires,patrioticmillionaires.org,-12,HIGH
PatriotRetort.com,patriotretort.com,28,MIXED
PBS News Hour,pbs.org/newshour,-10,HIGH
Peacock Panache,peacock-panache.com,-27,HIGH
Peninsula Daily News,peninsuladailynews.com,8,HIGH
Pensacola News Journal,pnj.com,-4,HIGH
People for the American Way (PFAW),pfaw.org,-19,HIGH
People Magazine,people.com/politics,-20,HIGH
Peterson Foundation,pgpf.org,1,HIGH
Peterson Institute for International Economics,piie.com,2,HIGH
Pew Research,pewresearch.org,-1,VERY HIGH
Philadelphia Inquirer,philly.com/inquirer,-11,HIGH
Philadelphia Tribune,phillytrib.com,-11,HIGH
Philippine Daily Inquirer,inquirer.net,-8,HIGH
Phoenix New Times,phoenixnewtimes.com,-16,HIGH
PINAC,photographyisnotacrime.com,-18,HIGH
Pink News,pinknews.co.uk/home,-20,HIGH
Pittsburgh Post-Gazette,post-gazette.com,7,HIGH
Pittsburgh Tribune Review,triblive.com,10,HIGH
PJ Media,pjmedia.com,24,MIXED
Places Journal,placesjournal.org,-3,VERY HIGH
Pluralist,pluralist.com,-11,HIGH
Policy Review,hoover.org/publications/policy-review,22,HIGH
PolicyEd,policyed.org,16,HIGH
Political Critique,politicalcritique.org,-13,HIGH
Political Dig,politicaldig.com,-28,MIXED
Political Insider,thepoliticalinsider.com,29,MIXED
Political Storm,politicalstorm.com,5,HIGH
Political Updater,politicalupdater.com,-23,MIXED
Politichicks,politichicks.com,30,MIXED
Politico,politico.com,-15,HIGH
Politics That Work,politicsthatwork.com,-15,HIGH
PoliticsNote,politicsnote.com,30,MIXED
PoliticusUSA,politicususa.com,-23,HIGH
Politifact,politifact.com,-4,HIGH
Politifeed,politifeed.net,30,MIXED
Politisite,politi.site,24,HIGH
Polygraph.info,polygraph.info,-2,VERY HIGH
Popular Resistance,popularresistance.org,-21,MIXED
Population Connection,populationconnection.org,-15,HIGH
Populist Wire,populistwire.com,28,MIXED
Portland Press-Herald,pressherald.com,-7,HIGH
Positive News,positive.news,-12,HIGH
Post-Bulletin,postbulletin.com,6,HIGH
Power Line,powerlineblog.com,24,HIGH
Poynter Institute,poynter.org,-4,VERY HIGH
PR Newswire,prnewswire.mediaroom.com,-1,HIGH
Pravda Report,pravdareport.com,-27,MIXED
Press Progress,pressprogress.ca,-20,HIGH
Press TV,presstv.com,-10,MIXED
ProCon.org,procon.org,-2,HIGH
Progressive Army,progressivearmy.com,-22,HIGH
Progressive Liberal,progressiveliberal.net,-26,MIXED
Project Censored,projectcensored.org,-19,HIGH
Project on Government Oversight,pogo.org,-4,VERY HIGH
Project Syndicate,project-syndicate.org,-2,HIGH
Project Veritas,projectveritas.com,30,MIXED
Propublica,propublica.org,-13,HIGH
Prospect Magazine,prospectmagazine.co.uk,-11,HIGH
Proud Conservatives,conservativesus.party,30,MIXED
Proud Democrat,proudemocrat.com,-24,MIXED
Public Citizen,citizen.org,-13,HIGH
Public Interest Legal Foundation,publicinterestlegal.org,23,MIXED
Public Policy Polling (PPP),publicpolicypolling.com,0,VERY HIGH
Public Radio International (PRI),pri.org,-13,HIGH
Public Religion Research Institute (PRRI),prri.org,2,VERY HIGH
PunchingBag Post,punchingbagpost.com,13,HIGH
PutinTrump.org,putintrump.org,-20,HIGH
Quad City Times,qctimes.com,-4,HIGH
Quadrant Magazine,quadrant.org.au,27,MIXED
Quartz,qz.com,-11,HIGH
Queerty,queerty.com,-20,HIGH
Quillette,quillette.com,11,HIGH
R Street Institute,rstreet.org,10,HIGH
Rabble.ca,rabble.ca,-25,HIGH
Radio Free Asia,rfa.org/english,-7,HIGH
Radio Free Europe / Radio Liberty,rferl.org,-2,HIGH
Raleigh News and Observer,newsobserver.com,-9,HIGH
Rand Corporation,rand.org,-4,HIGH
Rantt Media,rantt.com,-19,HIGH
Rapid City Journal,rapidcityjournal.com,-3,HIGH
Rappler,rappler.com,-18,MIXED
Rare News,rare.us,9,HIGH
Rasmussen Reports,rasmussenreports.com,7,HIGH
RationalWiki,rationalwiki.org/wiki/Main_Page,-11,HIGH
Raw Progressive,rawprogressive.com,-29,MIXED
Raw Story,rawstory.com,-23,MIXED
Reader Supported News (RSN),readersupportednews.org,-22,MIXED
Reader’s Digest,rd.com,20,MIXED
Reading the Pictures,readingthepictures.org,-20,HIGH
Reagan Battalion,thereaganbattalion.com,17,MIXED
Real Clear Defense,realcleardefense.com,10,HIGH
Real Clear Investigations,realclearinvestigations.com,15,MIXED
Real Clear Policy,realclearpolicy.com,9,HIGH
Real Clear Politics,realclearpolitics.com,9,HIGH
Real News Network,therealnews.com/t2,-19,HIGH
RealClearReligion,realclearreligion.org,9,HIGH
Reason,reason.com,14,HIGH
Recode,recode.net,-1,HIGH
Red Alert Politics,redalertpolitics.com,23,MIXED
Red Flag News,redflagnews.com,30,MIXED
Red Pepper,redpepper.org.uk,-29,HIGH
Red River Valley News,valleynewslive.com,8,HIGH
Red State Disaster,redstatedisaster.com,-23,HIGH
Red Youth,redyouth.org,-26,MIXED
Regated News,regated.com,29,MIXED
Regulation Magazine,cato.org/regulation,16,MIXED
Relevant Magazine,relevantmagazine.com,3,HIGH
Religion News Service (RNS),religionnews.com,-11,HIGH
Remington Research Group,remingtonresearchgroup.com,6,HIGH
RenewedRight.com,renewedright.com,29,MIXED
Reporters Lab,reporterslab.org,-1,VERY HIGH
Reporters Without Borders,rsf.org/en,-5,HIGH
Represent.Us,represent.us,-5,HIGH
Republic World,republicworld.com,-14,MIXED
Republicans Suck,republicanssucks.org,-29,MIXED
Resilience (Post Carbon Institute),resilience.org,-27,MIXED
Resistance Media,resistancemedia.org,24,MIXED
Restore American Glory,restoreamericanglory.com,26,HIGH
Reuters,reuters.com,-3,VERY HIGH
Revcom.us,revcom.us,-29,MIXED
Reveal – Center for Investigative Reporting,revealnews.org,-7,HIGH
Reverb Press,reverbpress.news,-22,HIGH
Revere Press,reverepress.com,-27,HIGH
Revolution News,revolution-news.com,-20,HIGH
Rewire,rewire.news,-18,HIGH
Richmond Times-Dispatch,richmond.com,10,HIGH
Richochet,ricochet.com,26,MIXED
Right Web,rightweb.irc-online.org,-13,HIGH
Right Wing Watch,rightwingwatch.org,-26,MIXED
Ring of Fire,trofire.com,-27,HIGH
RiverBender.com,riverbender.com,-2,HIGH
Roanoke Times,roanoke.com,-8,HIGH
Roll Call,rollcall.com,-4,VERY HIGH
Rolling Stone,rollingstone.com,-16,HIGH
Ron Paul Liberty Report,ronpaullibertyreport.com,21,MIXED
Roosevelt Institute,rooseveltinstitute.org,-12,HIGH
RT News,rt.com/news,13,MIXED
RTE (Radio Television of Ireland),rte.ie,-3,HIGH
Rudaw,rudaw.net/english,-10,HIGH
Russia Insider,russia-insider.com/en,17,MIXED
Russian Media Monitor,russialies.com,-5,HIGH
Russian News Agency-TASS,tass.com,10,HIGH
Sacramento Bee,sacbee.com,-11,HIGH
Salem Radio Network News (SRN News),srnnews.com,8,HIGH
Salon,salon.com,-25,HIGH
Salt Lake Tribune,sltrib.com,-10,HIGH
San Antonio Express-News,mysanantonio.com,-9,HIGH
San Bernardino Sun,sbsun.com,9,HIGH
San Diego Free Press,sandiegofreepress.org,-15,HIGH
San Diego Reader,sandiegoreader.com,-14,HIGH
San Diego Union Tribune,sandiegouniontribune.com,-5,HIGH
San Francisco Chronicle,sfchronicle.com,-14,HIGH
San Francisco Examiner,sfexaminer.com,-13,HIGH
San Francisco Globe,sfglobe.com,-11,MIXED
San Jose Mercury News,mercurynews.com,-13,HIGH
Santa Barbara Independent,independent.com,-12,HIGH
Santa Maria Times,santamariatimes.com,2,HIGH
Sarasota Herald-Tribune,heraldtribune.com,-3,HIGH
Saskatoon StarPhoenix,thestarphoenix.com,12,HIGH
Saudi Gazette,saudigazette.com.sa,-8,HIGH
Savannah Morning News,savannahnow.com,10,HIGH
Save Jersey,savejersey.com,24,HIGH
Sayfie Review,sayfiereview.com,-1,HIGH
Scary Mommy,scarymommy.com,-18,HIGH
Science Debate,sciencedebate.org,-3,VERY HIGH
Scoopnest,scoopnest.com,-1,HIGH
ScoopWhoop,scoopwhoop.com,-17,MIXED
SCOTUSblog,scotusblog.com,-3,HIGH
Scroll.in,scroll.in,-10,HIGH
Seattle Post-Intelligencer,seattlepi.com,-13,HIGH
Seattle Times,seattletimes.com,-14,HIGH
Second Nexus,secondnexus.com,-15,MIXED
Secure America Now,secureamericanow.org,22,MIXED
Sentencing Project,sentencingproject.org,-15,HIGH
Sentinel KSMO,sentinelksmo.org,28,MIXED
SFGate,sfgate.com,-14,HIGH
Shadow Proof,shadowproof.com,-26,HIGH
Shame Project,shameproject.com,-12,HIGH
Shareably,shareably.net,0,HIGH
Shareblue,shareblue.com,-29,MIXED
Shorenstein Center,shorensteincenter.org,-3,HIGH
Silence is Consent,silenceisconsent.net,30,MIXED
Simple Politics,simplepolitics.co.uk,0,HIGH
Sinclair Broadcast Group,sbgi.net,23,MIXED
Sioux City Journal,siouxcityjournal.com,-4,HIGH
Sky News,news.sky.com,-12,HIGH
Slate,slate.com,-23,HIGH
SmartNews,smartnews.com/en,-4,MIXED
Smirking Chimp,smirkingchimp.com,-22,HIGH
Snopes,snopes.com,-3,HIGH
Socialist Standard,worldsocialism.org/spgb,-24,HIGH
SocialistWorker.org,socialistworker.org,-27,HIGH
SOFREP,sofrep.com,11,HIGH
Sojourners (Soho),sojo.net,-12,HIGH
Sonoran News,sonorannews.com,24,MIXED
SooToday.com,sootoday.com,-13,HIGH
SourceWatch,sourcewatch.org/index.php/SourceWatch,-20,HIGH
South Bend Tribune,southbendtribune.com,-4,HIGH
South China Morning Post,scmp.com,-4,HIGH
South Florida Sun-Sentinel,sun-sentinel.com,8,HIGH
Southern Poverty Law Center,splcenter.org,-11,HIGH
Sparks/CnnTimes,cnntimes.online,-29,MIXED
Special Broadcasting Service (SBS),sbs.com.au,-8,HIGH
Spectrum News – NY1,ny1.com/nyc/all-boroughs,-3,HIGH
Spectrum Report,spectrumreport.com,-1,MIXED
Spiegel Online,spiegel.de/international,-11,HIGH
Spiked Magazine,spiked-online.com,21,MIXED
Splinter,splinternews.com,-27,MIXED
Sputnik News,sputniknews.com,14,MIXED
St. Cloud Times,sctimes.com,-4,HIGH
St. Louis Post-Dispatch,stltoday.com,-10,HIGH
St. Paul Pioneer Press,twincities.com,-8,HIGH
St. Pete for Peace,stpete4peace.org,-19,HIGH
Standpoint Magazine,standpointmag.co.uk,29,MIXED
Star-Ledger,nj.com/starledger,-14,HIGH
Stars and Stripes,stripes.com,0,HIGH
Stat (News),statnews.com,-4,HIGH
Staten Island Advance,silive.com,-11,HIGH
Statesman Journal,statesmanjournal.com,8,HIGH
StepFeed,stepfeed.com,-16,MIXED
Stimson Center,stimson.org,-1,HIGH
Stock News USA,stocknewsusa.com,-4,HIGH
Stocks News Daily,stocksnewsdaily.com,-15,MIXED
StopFake,stopfake.org,-12,HIGH
Strategic Culture Foundation,strategic-culture.org,11,HIGH
StrategyPage,strategypage.com,2,HIGH
Stratfor,stratfor.com,-3,HIGH
Student Daily News,studentnewsdaily.com,11,HIGH
Stuff,stuff.co.nz,-9,HIGH
Sunlight Foundation,sunlightfoundation.com,-1,VERY HIGH
Swarajya,swarajyamag.com,11,HIGH
SWI – Swissinfo.ch,swissinfo.ch,-8,HIGH
Syrian Observatory for Human Rights (SOHR),syriahr.com/en,-14,HIGH
Syriana Analysis,syriana-analysis.com,-19,MIXED
Tablet Magazine,tabletmag.com,-14,HIGH
Taipei Times,taipeitimes.com,-4,HIGH
Taiwan News,taiwannews.com.tw,-4,HIGH
TakePart,takepart.com,-22,HIGH
Talking Points Memo,talkingpointsmemo.com,-21,HIGH
Tallahassee Democrat,tallahassee.com,7,HIGH
Tampa Bay Times,tampabay.com,-11,HIGH
Tampa Tribune,tbo.com,13,HIGH
Task and Purpose,taskandpurpose.com,-4,HIGH
Tasnim News Agency,tasnimnews.com/en,26,MIXED
Tax Foundation,taxfoundation.org,7,VERY HIGH
Tax Justice Network,taxjustice.net,-11,HIGH
Tax Policy Center,taxpolicycenter.org,-8,HIGH
Tea Party News (The Point),westernjournalism.com/thepoint,30,MIXED
Tea Party Patriots,teapartypatriots.org,20,HIGH
Tea Party Tribune,teapartytribune.com,28,HIGH
TechCrunch,techcrunch.com,-14,HIGH
Techdirt,techdirt.com,-14,HIGH
Tehran Times,tehrantimes.com,22,MIXED
TeleSUR,telesurtv.net/english,-19,MIXED
Texas Monthly,texasmonthly.com,-12,HIGH
Texas Standard,texasstandard.org,-2,HIGH
Texas Tribune,texastribune.org,-2,HIGH
Tharawat Magazine,tharawat-magazine.com/#gs.a9CcWpc,8,HIGH
That’s Nonsense,thatsnonsense.com,-1,HIGH
The Advertiser,adelaidenow.com.au,30,MIXED
The Age (Australia),theage.com.au,-12,HIGH
The Algemeiner Journal,algemeiner.com,14,HIGH
The American Cause,theamericancause.org,30,MIXED
The American Conservative,theamericanconservative.com,11,HIGH
The American Independent Institute,americanindependent.com,-23,HIGH
The American Interest,the-american-interest.com,11,HIGH
The American Prospect,prospect.org,-23,HIGH
The Atlantic,theatlantic.com,-12,HIGH
The Auburn Citizen,auburnpub.com,-3,HIGH
The Augusta Chronicle,chronicle.augusta.com,17,HIGH
The Austin Chronicle,austinchronicle.com,-20,HIGH
The Australian Financial Review,afr.com,2,HIGH
The Australian,theaustralian.com.au,12,HIGH
The Automatic Earth,theautomaticearth.com,-9,HIGH
The Baffler,thebaffler.com,-13,HIGH
The Balance,thebalance.com,-4,HIGH
The Bangkok Post,bangkokpost.com,-5,HIGH
The Baxter Bulletin,baxterbulletin.com,-2,HIGH
The Belfer Center for Science and International Affairs,belfercenter.org,1,HIGH
The Blacksphere (Kevin Jackson),theblacksphere.net,28,MIXED
The Blaze,theblaze.com,30,MIXED
The Blue Route,blue-route.org/blog,-28,MIXED
The Budapest Beacon,budapestbeacon.com,-15,HIGH
The Bureau of Investigative Journalism,thebureauinvestigates.com,-4,HIGH
The Burning Spear,theburningspear.com,-23,HIGH
The California Republican,carepublican.com,26,HIGH
The Canadian Press,thecanadianpress.com,-4,HIGH
The Canary (UK),thecanary.co,-23,HIGH
The Center on Budget and Policy Priorities,cbpp.org,-10,HIGH
The Century Foundation,tcf.org,-16,HIGH
The Chicago Reporter,chicagoreporter.com,-16,HIGH
The China Post,chinapost.com.tw,-3,HIGH
The Christian Left,thechristianleft.org,-15,HIGH
The Chronicle Herald,thechronicleherald.ca,11,MIXED
The Chronicle of Higher Education,chronicle.com,-2,HIGH
The Cipher Brief,thecipherbrief.com,1,HIGH
The Citizen Press,thecitizenpress.com,26,MIXED
The Citizen,thecitizen.org.au,-11,HIGH
The Climate Reality Project,climaterealityproject.org,-18,HIGH
The College Fix,thecollegefix.com,28,MIXED
The Conservative Nut,theconservativenut.gop,22,MIXED
The Conservative Woman,conservativewoman.co.uk,30,MIXED
The Conversation,theconversation.com/us,-4,HIGH
The Council of Canadians,canadians.org,-13,HIGH
The Courier Mail,couriermail.com.au,14,HIGH
The Courier-Journal,courier-journal.com,-10,HIGH
The Daily Banter,thedailybanter.com,-23,HIGH
The Daily Buzz,the-daily.buzz,-19,HIGH
The Daily Citizen (Dalton),daltondailycitizen.com,7,HIGH
The Daily Climate,dailyclimate.org,-12,HIGH
The Daily Defender,thedailydefender.com,27,MIXED
The Daily Gazette,dailygazette.com,-4,HIGH
The Daily Liberator,thedailyliberator.com,24,MIXED
The Daily News (Longview),tdn.com,-5,HIGH
The Daily News (Longview),tdn.com,-5,HIGH
The Daily Northwestern,dailynorthwestern.com,-4,HIGH
The Daily Progress,dailyprogress.com,-2,HIGH
The Daily Tarheel,dailytarheel.com,-12,HIGH
The Daily Telegraph (Australia),dailytelegraph.com.au,22,MIXED
The Daily Vox,thedailyvox.co.za,-21,HIGH
The Daily Wire,dailywire.com,29,MIXED
The Day (New London),theday.com,-3,HIGH
The Defcon Warning System,defconwarningsystem.com,1,HIGH
The Democratic Hub,democratichub.com,-28,MIXED
The Des Moines Register,desmoinesregister.com,-4,HIGH
The Diplomat Magazine,thediplomat.com,0,HIGH
The EC Journal,theecjournal.com,8,MIXED
The Economic Times,economictimes.indiatimes.com,-8,HIGH
The Economist,economist.com,1,HIGH
The Elkhart Truth,elkharttruth.com,-2,HIGH
The Epoch Times,theepochtimes.com,13,HIGH
The Establishment,theestablishment.co,-23,HIGH
The European Council on Foreign Relations (ECFR),ecfr.eu,-14,HIGH
The Fake News Codex,fakenewscodex.com,-1,HIGH
The Federalist,thefederalist.com,27,HIGH
The Fifth Column,thefifthcolumnnews.com,-15,MIXED
The Fiscal Times,thefiscaltimes.com,11,HIGH
The Florida Squeeze,thefloridasqueeze.com,-21,MIXED
The Forward,forward.com,-12,HIGH
The Frisky,thefrisky.com,-20,HIGH
The Fucking News,thefingnews.com,-23,HIGH
The Gazette (Cedar Rapids),thegazette.com,11,HIGH
The Globe and Mail,theglobeandmail.com,7,HIGH
The Guardian,theguardian.com/us,-14,HIGH
The Hartford Courant,courant.com,-12,HIGH
The Hayride,thehayride.com,28,HIGH
The Herald (Everett),heraldnet.com,-8,HIGH
The Herald Journal (Utah),news.hjnews.com,0,HIGH
The Herald-Sun (Durham/North Carolina),heraldsun.com,-5,HIGH
The Hill,thehill.com,-8,HIGH
The Hindu Business Line,thehindubusinessline.com,7,HIGH
The Hindu,newsite.thehindu.com,-8,HIGH
The Humanist Magazine,thehumanist.com,-5,HIGH
The Independent Review,independent.org,6,HIGH
The Independent,independent.co.uk/us,-15,HIGH
The Indian Express,indianexpress.com,-3,HIGH
The Intellectualist,theintellectualist.co,-20,HIGH
The Intercept,theintercept.com,-17,HIGH
The Irish Times,irishtimes.com,-8,HIGH
The Irrawaddy,irrawaddy.com,-13,HIGH
The Jack News,thejacknews.com,9,HIGH
The Jakarta Post,thejakartapost.com,-2,HIGH
The Jamestown Foundation,jamestown.org,11,HIGH
The Japan News,the-japan-news.com,8,HIGH
The Jerusalem Post,jpost.com,-3,HIGH
The Jerusalem Report,jpost.com/Jerusalem-Report,-12,HIGH
The Jewish Press,jewishpress.com,9,HIGH
The Jordan Times,jordantimes.com,-4,HIGH
The Journal News,lohud.com,-12,HIGH
The Knife,theknifemedia.com,1,HIGH
The Korea Times,koreatimes.co.kr,-13,MIXED
The Last Refuge (Conservative Treehouse),theconservativetreehouse.com,30,MIXED
The Libertarian Republic,thelibertarianrepublic.com,14,HIGH
The Lily,thelily.com,-18,HIGH
The Local (Norway),thelocal.no,-12,HIGH
The London Economic,thelondoneconomic.com,-28,MIXED
The Manila Times,manilatimes.net/news,10,HIGH
The Marshall Project,themarshallproject.org/#.qjbbuljBK,-3,HIGH
The Mary Sue,themarysue.com,-21,HIGH
The Meme Policeman,memepoliceman.com,2,HIGH
The Middle East in London,soas.ac.uk/lmei/meil,3,HIGH
The Militant,themilitant.com,-19,HIGH
The Millennial Review,themilreview.com,26,HIGH
The Moderate Voice,themoderatevoice.com,-3,HIGH
The Monthly (Australia),themonthly.com.au,-11,HIGH
The Morning Call,mcall.com,-3,HIGH
The Morning Star,morningstaronline.co.uk,-22,HIGH
The Nation Institute,nationinstitute.org,-14,HIGH
The Nation Pakistan,nation.com.pk,13,HIGH
The Nation,thenation.com,-21,HIGH
The National (UAE),thenational.ae,9,HIGH
The National Memo,nationalmemo.com,-22,HIGH
The Nevada Independent,thenevadaindependent.com,-13,HIGH
The New American,thenewamerican.com,23,MIXED
The New Arab,alaraby.co.uk/english,-14,HIGH
The New Atlantis,thenewatlantis.com,9,HIGH
The New Civil Rights Movement,thenewcivilrightsmovement.com,-26,MIXED
The New Tropic,thenewtropic.com,-14,HIGH
The Newly Press,newlypress.com,30,MIXED
The News (Mexico City),thenews.mx,-3,HIGH
The News International,thenews.com.pk,-4,HIGH
The News Lens,international.thenewslens.com,7,HIGH
The News Literacy Project,thenewsliteracyproject.org,-1,HIGH
The News Tribune,thenewstribune.com,-10,HIGH
The News-Times (Danbury),newstimes.com,-10,HIGH
The Next Web,thenextweb.com,-9,HIGH
The Objective Standard,theobjectivestandard.com,15,HIGH
The Observatory,observatory.journalism.wisc.edu,-3,HIGH
The Observer (UK),theguardian.com/observer,-13,HIGH
The Odyssey Online,theodysseyonline.com,-16,MIXED
The Oklahoman,oklahoman.com/live,11,HIGH
The Olympian,theolympian.com,-11,HIGH
The Oslo Times,theoslotimes.com,-12,HIGH
The Oslo Times,theoslotimes.com,-12,HIGH
The Other 98%,other98.com,-25,MIXED
The Outline,theoutline.com,-19,HIGH
The Outlook (Monmouth University),outlook.monmouth.edu,-4,HIGH
The Pantagraph,pantagraph.com,-3,HIGH
The Patriot Post,patriotpost.us,26,MIXED
The Patriot-News,pennlive.com,-7,HIGH
The Phnom Penh Post,phnompenhpost.com,-2,HIGH
The Plain Dealer,cleveland.com/plaindealer,-12,HIGH
The Post and Courier,postandcourier.com,2,HIGH
The Post and Email,thepostemail.com,30,MIXED
The Post Millennial,thepostmillennial.com,23,HIGH
The Post Star,poststar.com,1,HIGH
The Press Democrat,pressdemocrat.com,-9,HIGH
The Press-Enterprise,pe.com,11,HIGH
The Progressive Frontier,progressivefrontier.com,-29,MIXED
The Progressive,progressive.org,-23,HIGH
The Providence Journal,providencejournal.com,-12,HIGH
The Pulse,pulsegulfcoast.com,-15,HIGH
The Quint,thequint.com,11,MIXED
The RANTidote,therantidote.com,24,MIXED
The Real Strategy,therealstrategy.com,29,MIXED
The Reality-Based Community,samefacts.com,-21,HIGH
The Rebel,therebel.media,29,MIXED
The Record (New Jersey),northjersey.com,-10,HIGH
The Resurgent,theresurgent.com,27,MIXED
The Right Scoop,therightscoop.com,27,MIXED
The Ringer,theringer.com,-12,HIGH
The Ron Paul Institute,ronpaulinstitute.org,21,MIXED
The Root,theroot.com,-22,HIGH
The Santa Fe New Mexican,santafenewmexican.com,-8,HIGH
The Saturday Paper,thesaturdaypaper.com.au,-14,HIGH
The Scotsman,scotsman.com,-3,HIGH
The Sentinel (Pennsylvania),cumberlink.com,-3,HIGH
The Skimm,theskimm.com,-4,HIGH
The Smoking Gun,thesmokinggun.com,7,HIGH
The Sociable,sociable.co,-3,HIGH
The Source Newspaper (La Source),thelasource.com/en,-24,HIGH
The Southern Illinoisan,thesouthern.com,2,HIGH
The Spectator (UK),spectator.co.uk,17,HIGH
The Spokesman-Review,spokesman.com,6,HIGH
The Star Democrat,stardem.com,-4,HIGH
The State,thestate.com,-12,HIGH
The Stern Facts,thesternfacts.com,-27,MIXED
The Straits Times,straitstimes.com/global,10,HIGH
The Stranger,thestranger.com,-17,HIGH
The Strategy Bridge,thestrategybridge.org,2,HIGH
The Sun Magazine,thesunmagazine.org,-15,HIGH
The Sun Magazine,thesunmagazine.org,-15,HIGH
The Sun,thesun.co.uk,26,MIXED
The Swedish Wire,swedishwire.com,-4,HIGH
The Sydney Morning Herald,smh.com.au,-13,HIGH
The Tab,thetab.com,-12,HIGH
The Tennessean,tennessean.com,11,HIGH
The Tennessee Star,tennesseestar.com,27,HIGH
The Texas Observer,texasobserver.org,-20,HIGH
The Times (Illinois),mywebtimes.com,0,HIGH
The Times and Democrat,thetandd.com,-5,HIGH
The Times Herald (Port Huron),thetimesherald.com,9,HIGH
The Times of London,thetimes.co.uk,11,HIGH
The Times-Picayune,nola.com/#/0,-14,HIGH
The Trace,thetrace.org,-11,HIGH
The Truth About Guns,thetruthaboutguns.com,22,HIGH
The TruthSetter,truthsetter.com,1,HIGH
The Tyee,thetyee.ca,-15,HIGH
The Varsity,thevarsity.ca,-9,HIGH
The Verge,theverge.com,-13,HIGH
The Village Voice,villagevoice.com,-19,HIGH
The Virginian-Pilot,pilotonline.com,-7,HIGH
The Walrus,thewalrus.ca,-22,HIGH
The Waterloo-Cedar Falls Courier,wcfcourier.com,-3,HIGH
The Week,theweek.com,-13,HIGH
The West Australian,thewest.com.au,12,HIGH
The Whim,thewhim.com,-2,HIGH
The Wilderness Society,wilderness.org,-11,HIGH
The Wire – India,thewire.in,-8,HIGH
The World Can’t Wait,worldcantwait.net,-24,HIGH
The Young Turks,tytnetwork.com,-22,HIGH
The Zero Hour,thisisthezerohour.com,-15,HIGH
TheGrio,thegrio.com,-21,HIGH
TheImproper Magazine,theimproper.com,-25,HIGH
TheJournal.ie,thejournal.ie,-4,HIGH
TheosWatch.com,theoswatch.com,-29,MIXED
TheWrap,thewrap.com,-2,MIXED
Think Progress,thinkprogress.org,-26,MIXED
Third Way,thirdway.org,-4,HIGH
This Magazine,this.org,-22,HIGH
Thomson Reuters Foundation,news.trust.org,-8,HIGH
ThoughtCo,thoughtco.com,-1,VERY HIGH
Time Magazine,time.com,-17,HIGH
Timeline,timeline.com,-7,HIGH
Times Headline,timesheadline.com,-11,MIXED
Times News (Pennsylvania),tnonline.com,7,HIGH
Times of India,timesofindia.indiatimes.com,-2,HIGH
Times of Israel,timesofisrael.com,-10,HIGH
Times of San Diego,timesofsandiego.com,-4,HIGH
Times of South Africa (Times Live),timeslive.co.za,15,MIXED
Times-Colonist,timescolonist.com,-13,HIGH
Times-News (Idaho),magicvalley.com,-3,HIGH
To Inform is to Influence,toinformistoinfluence.com,-12,HIGH
Today I Found Out,todayifoundout.com,-1,HIGH
Toledo Blade,toledoblade.com,6,HIGH
TomDispatch.com,tomdispatch.com,-13,HIGH
Topeka Capital-Journal,cjonline.com,7,HIGH
Toronto Star,thestar.com,-17,HIGH
Toronto Sun,torontosun.com,22,HIGH
Towleroad,towleroad.com,-28,MIXED
Townhall,townhall.com,24,MIXED
Transparency International,transparency.org,-1,VERY HIGH
Transpartisan Review,transpartisanreview.com,-3,HIGH
Tribune Magazine UK,tribunemagazine.org,-22,HIGH
Tribune News Service,tribunecontentagency.com/tribune-news-service,-3,HIGH
Tribunist,tribunist.com,29,MIXED
TRT World,trtworld.com,23,MIXED
True Viral News,trueviralnews.com,1,HIGH
Truth Against the Machine,truthagainstthemachine.com,-27,HIGH
Truth Be Told,truthbetold.news,-3,HIGH
Truth Out,truth-out.org,-29,MIXED
Truthdig,truthdig.com,-23,HIGH
TruthOrFiction.com,truthorfiction.com,-1,VERY HIGH
Tulsa World,tulsaworld.com,11,HIGH
Turkey and Facts (Dogruluk Payi),turkeyandfacts.com,-1,VERY HIGH
Turning Point USA,turningpoint.news,29,MIXED
TVW Washington State,tvw.org,-1,HIGH
Twitchy,twitchy.com,30,MIXED
UAWire,uawire.org,-13,MIXED
UN Watch,unwatch.org,26,MIXED
Unbiased America,unbiasedamerica.com,24,MIXED
Undark,undark.org,-3,HIGH
Unicorn Riot,unicornriot.ninja,-16,HIGH
United Federation of Teachers (UFT),uft.org,-13,HIGH
United Press International (UPI),upi.com,3,HIGH
United States House of Representatives (House.gov),house.gov,-1,VERY HIGH
Unity News Network,unitynewsnetwork.co.uk,28,MIXED
University Business,universitybusiness.com,-8,HIGH
Uproxx,uproxx.com,-19,HIGH
Upworthy,upworthy.com,-18,HIGH
Urban Institute,urban.org,-14,HIGH
US Government Accountability Office (GAO),gao.gov,-1,HIGH
US News World Report,usnews.com,-8,HIGH
US Political Post,theuspoliticalpost.com,-28,MIXED
US Politics Info,uspoliticsinfo.com,30,MIXED
US Uncut,usuncut.com,-33,MIXED
USA Facts,usafacts.org,-1,VERY HIGH
USA Politics Today,usapoliticstoday.com,28,MIXED
USA Spending,usaspending.gov,-1,VERY HIGH
USA Today,usatoday.com,-9,HIGH
USSA News,ussanews.com,29,MIXED
Utah Public Radio (UPR),upr.org,-7,HIGH
Utah Standard-Examiner,standard.net,1,HIGH
ValueWalk,valuewalk.com,11,HIGH
Vancouver Sun,vancouversun.com,-11,HIGH
Vanity Fair,vanityfair.com,-21,HIGH
Vera Files,verafiles.org,-3,VERY HIGH
Verified Politics,verifiedpolitics.com,-26,HIGH
Vermont Independent,vermontindependent.org,-23,MIXED
Verrit,verrit.com,-22,HIGH
Vessel News,vesselnews.io,29,MIXED
Vice News,vice.com,-16,MIXED
Viral Thread,viralthread.com,-4,MIXED
Viral Title,viraltitle.com,-27,MIXED
VivaLiberty,vivaliberty.com,28,MIXED
Vocativ,vocativ.com,-4,HIGH
Voice of America,voanews.com,-3,HIGH
Voice of San Diego,voiceofsandiego.org,-5,HIGH
Vos Iz Neias,vosizneias.com,-3,HIGH
Vote Smart,votesmart.org,-1,HIGH
Vote,vote.us.org,-21,MIXED
VoteVets.org,votevets.org,-13,HIGH
Vox,vox.com,-23,HIGH
Vulture,vulture.com,-14,HIGH
Wall Street Journal,wsj.com,11,HIGH
Wall Street on Parade,wallstreetonparade.com,-15,HIGH
War on the Rocks,warontherocks.com,-5,HIGH
Washington Babylon,washingtonbabylon.com,15,HIGH
Washington Blade,washingtonblade.com,-15,HIGH
Washington Examiner,washingtonexaminer.com,21,HIGH
Washington Free Beacon,freebeacon.com,28,MIXED
Washington Journal (Not C-Span),washingtonjournal.com,-27,HIGH
Washington Journal,c-span.org/WJ,-3,HIGH
Washington Monthly,washingtonmonthly.com,-18,HIGH
Washington Post,washingtonpost.com,-15,HIGH
Washington Press,washingtonpress.com,-29,MIXED
Washington Sources,washingtonsources.org,-27,MIXED
Washington Times,washingtontimes.com,17,HIGH
Watchdog.org,watchdog.org,15,MIXED
Waterbury Republican-American,rep-am.com,12,HIGH
We Are The Mighty,wearethemighty.com,3,HIGH
Wear Your Voice,wearyourvoicemag.com,-22,HIGH
Weasel Zippers,weaselzippers.us,30,MIXED
Weekly Standard,weeklystandard.com,23,HIGH
Western Free Press,westernfreepress.com,30,MIXED
Western Journal,westernjournal.com,29,MIXED
WestMonster,westmonster.com,12,HIGH
WGN News,wgntv.com,-8,HIGH
What Matters News,whatmattersnews.com,-26,HIGH
Whatfinger,whatfinger.com,26,MIXED
Who.What.Why,whowhatwhy.org,-21,MIXED
Wichita Eagle,kansas.com,6,HIGH
WikiLeaks,wikileaks.org,13,MIXED
WikiNews,en.wikinews.org/wiki/Main_Page,-2,HIGH
Wikipedia,wikipedia.org,-1,HIGH
WikiTribune,wikitribune.com,-2,HIGH
Williamsport Sun-Gazette,sungazette.com,10,HIGH
Windsor Star,windsorstar.com,-11,HIGH
Wings Over Scotland,wingsoverscotland.com,-16,HIGH
Winona Daily News,winonadailynews.com,-3,HIGH
Winston-Salem Journal,journalnow.com,10,HIGH
WION (World is One News),wionews.com,-3,MIXED
Wired Magazine,wired.com,-13,HIGH
Wisconsin State Journal,host.madison.com/wsj,-2,HIGH
WNYC,wnyc.org,-11,HIGH
Wonkette,wonkette.com,-26,MIXED
Woodrow Wilson International Center for Scholars,wilsoncenter.org,-3,VERY HIGH
Workers World,workers.org,-27,MIXED
World Affairs Journal,worldaffairsjournal.org,-8,HIGH
World Economic Forum,weforum.org,-4,HIGH
World Magazine,world.wng.org,24,MIXED
World Net Daily (WND),wnd.com,29,MIXED
World News,wn.com,1,HIGH
World Policy Institute,worldpolicy.org,-14,HIGH
World Politics Review,worldpoliticsreview.com,5,HIGH
World Press Review,worldpress.org,-2,VERY HIGH
World Resources Institute (WRI),wri.org,-3,VERY HIGH
World Socialist Web Site,wsws.org,-24,HIGH
World Tribune,worldtribune.com,22,HIGH
WorldCrunch,worldcrunch.com,-11,HIGH
WRAL,wral.com,-3,HIGH
Xinhua News Agency,xinhuanet.com/english/home.htm,-13,MIXED
Yahoo News,yahoo.com/news/?ref=gs,-14,MIXED
YellowHammer News,yellowhammernews.com,20,HIGH
Yes Magazine,yesmagazine.org,-22,HIGH
YnetNews,ynetnews.com,-14,HIGH
York Daily Record,ydr.com,-7,HIGH
Young America’s Foundation (YAF),yaf.org,23,HIGH
Young Conservatives,youngcons.com,30,MIXED
Your Black World,yourblackworld.net,-22,MIXED
Youth Radio,youthradio.org,-10,HIGH
Z Magazine,zcomm.org/zmag,-22,HIGH
ZDF (Zweites Deutsches Fernsehen),zdf.de,-5,HIGH